0, 0, Header, 1, 3, 480
1, 0, Start_track
1, 0, Title_t, "Acclamez le Seigneur"
1, 0, Copyright_t, "Fr. J.-B. du Jonchay, o.c.d."
1, 0, Time_signature, 4, 2, 24, 8
1, 0, Key_signature, 2, "minor"
1, 0, Tempo, 375000
1, 0, Marker_t, "REFRAIN"
1, 1440, Text_t, "Sim"
1, 1920, Text_t, "Sim"
1, 2640, Text_t, "Sol"
1, 3840, Text_t, "La"
1, 4800, Text_t, "Ré"
1, 5520, Text_t, "Sim"
1, 5760, Text_t, "Mim"
1, 6720, Text_t, "Sim"
1, 7680, Text_t, "Fa#"
1, 9600, Text_t, "Sim"
1, 10320, Text_t, "Sol"
1, 11520, Text_t, "La"
1, 12480, Text_t, "Ré"
1, 13200, Text_t, "Sim"
1, 13440, Text_t, "Mim"
1, 14400, Text_t, "Sim"
1, 15360, Text_t, "Fa#"
1, 16320, Text_t, "Sim"
1, 16560, Text_t, "Mim"
1, 17040, Text_t, "Fa#"
1, 17280, Text_t, "Sim"
1, 19200, Tempo, 535714
1, 19200, Marker_t, "COUPLETS (Plus calme)"
1, 21120, Text_t, "Sim"
1, 23040, Text_t, "Mim"
1, 24960, Text_t, "Fa#"
1, 26880, Text_t, "Sim"
1, 28800, Text_t, "Sol"
1, 30720, Text_t, "Ré"
1, 32640, Text_t, "Mim"
1, 33600, Text_t, "Sim"
1, 34560, Text_t, "Fa#"
1, 38400, End_track
2, 0, Start_track
2, 0, Title_t, "Soprano / Melodie"
2, 0, Program_c, 0, 52
2, 1440, Lyric_t, "Ac-"
2, 1440, Note_on_c, 0, 66, 100
2, 1680, Note_off_c, 0, 66, 0
2, 1680, Lyric_t, "cla-"
2, 1680, Note_on_c, 0, 66, 100
2, 1920, Note_off_c, 0, 66, 0
2, 1920, Lyric_t, "mez"
2, 1920, Note_on_c, 0, 71, 100
2, 2160, Note_off_c, 0, 71, 0
2, 2160, Lyric_t, "le"
2, 2160, Note_on_c, 0, 71, 100
2, 2400, Note_off_c, 0, 71, 0
2, 2400, Lyric_t, "Sei-"
2, 2400, Note_on_c, 0, 73, 100
2, 2640, Note_off_c, 0, 73, 0
2, 2640, Lyric_t, "gneur,"
2, 2640, Note_on_c, 0, 74, 100
2, 3360, Note_off_c, 0, 74, 0
2, 3360, Lyric_t, "vous"
2, 3360, Note_on_c, 0, 73, 100
2, 3600, Note_off_c, 0, 73, 0
2, 3600, Lyric_t, "qui"
2, 3600, Note_on_c, 0, 71, 100
2, 3840, Note_off_c, 0, 71, 0
2, 3840, Lyric_t, "mar-"
2, 3840, Note_on_c, 0, 69, 95
2, 4080, Note_off_c, 0, 69, 0
2, 4080, Lyric_t, "chez"
2, 4080, Note_on_c, 0, 71, 95
2, 4320, Note_off_c, 0, 71, 0
2, 4320, Lyric_t, "sur"
2, 4320, Note_on_c, 0, 69, 95
2, 4560, Note_off_c, 0, 69, 0
2, 4560, Lyric_t, "ses"
2, 4560, Note_on_c, 0, 67, 95
2, 4800, Note_off_c, 0, 67, 0
2, 4800, Lyric_t, "pas,"
2, 4800, Note_on_c, 0, 66, 85
2, 5520, Note_off_c, 0, 66, 0
2, 5520, Lyric_t, "c'est"
2, 5520, Note_on_c, 0, 66, 85
2, 5760, Note_off_c, 0, 66, 0
2, 5760, Lyric_t, "lui"
2, 5760, Note_on_c, 0, 67, 85
2, 6720, Note_off_c, 0, 67, 0
2, 6720, Lyric_t, "vo-"
2, 6720, Note_on_c, 0, 71, 100
2, 7200, Note_off_c, 0, 71, 0
2, 7200, Lyric_t, "tre"
2, 7200, Note_on_c, 0, 71, 100
2, 7680, Note_off_c, 0, 71, 0
2, 7680, Lyric_t, "Roi !"
2, 7680, Note_on_c, 0, 73, 100
2, 9120, Note_off_c, 0, 73, 0
2, 9120, Lyric_t, "Ou-"
2, 9120, Note_on_c, 0, 66, 100
2, 9360, Note_off_c, 0, 66, 0
2, 9360, Lyric_t, "vrez"
2, 9360, Note_on_c, 0, 66, 100
2, 9600, Note_off_c, 0, 66, 0
2, 9600, Lyric_t, "tout"
2, 9600, Note_on_c, 0, 71, 100
2, 9840, Note_off_c, 0, 71, 0
2, 9840, Lyric_t, "grand"
2, 9840, Note_on_c, 0, 71, 100
2, 10080, Note_off_c, 0, 71, 0
2, 10080, Lyric_t, "vos"
2, 10080, Note_on_c, 0, 73, 100
2, 10320, Note_off_c, 0, 73, 0
2, 10320, Lyric_t, "cœurs,"
2, 10320, Note_on_c, 0, 74, 100
2, 11040, Note_off_c, 0, 74, 0
2, 11040, Lyric_t, "por-"
2, 11040, Note_on_c, 0, 73, 100
2, 11280, Note_off_c, 0, 73, 0
2, 11280, Lyric_t, "tez"
2, 11280, Note_on_c, 0, 71, 100
2, 11520, Note_off_c, 0, 71, 0
2, 11520, Lyric_t, "en"
2, 11520, Note_on_c, 0, 69, 95
2, 11760, Note_off_c, 0, 69, 0
2, 11760, Lyric_t, "lui"
2, 11760, Note_on_c, 0, 71, 95
2, 12000, Note_off_c, 0, 71, 0
2, 12000, Lyric_t, "vo-"
2, 12000, Note_on_c, 0, 69, 95
2, 12240, Note_off_c, 0, 69, 0
2, 12240, Lyric_t, "tre"
2, 12240, Note_on_c, 0, 67, 95
2, 12480, Note_off_c, 0, 67, 0
2, 12480, Lyric_t, "croix,"
2, 12480, Note_on_c, 0, 66, 85
2, 13200, Note_off_c, 0, 66, 0
2, 13200, Lyric_t, "c'est"
2, 13200, Note_on_c, 0, 66, 85
2, 13440, Note_off_c, 0, 66, 0
2, 13440, Lyric_t, "lui"
2, 13440, Note_on_c, 0, 67, 85
2, 14400, Note_off_c, 0, 67, 0
2, 14400, Lyric_t, "vo-"
2, 14400, Note_on_c, 0, 71, 100
2, 14880, Note_off_c, 0, 71, 0
2, 14880, Lyric_t, "tre"
2, 14880, Note_on_c, 0, 71, 100
2, 15360, Note_off_c, 0, 71, 0
2, 15360, Lyric_t, "Vie,"
2, 15360, Note_on_c, 0, 73, 100
2, 16080, Note_off_c, 0, 73, 0
2, 16080, Lyric_t, "se-"
2, 16080, Note_on_c, 0, 73, 100
2, 16320, Note_off_c, 0, 73, 0
2, 16320, Lyric_t, "cret"
2, 16320, Note_on_c, 0, 74, 100
2, 16560, Note_off_c, 0, 74, 0
2, 16560, Lyric_t, "de"
2, 16560, Note_on_c, 0, 73, 100
2, 16800, Note_off_c, 0, 73, 0
2, 16800, Lyric_t, "vo-"
2, 16800, Note_on_c, 0, 71, 100
2, 17040, Note_off_c, 0, 71, 0
2, 17040, Lyric_t, "tre"
2, 17040, Note_on_c, 0, 69, 100
2, 17280, Note_off_c, 0, 69, 0
2, 17280, Lyric_t, "joie !"
2, 17280, Note_on_c, 0, 71, 100
2, 19200, Note_off_c, 0, 71, 0
2, 20880, Lyric_t, "Jé-"
2, 20880, Note_on_c, 0, 71, 68
2, 21120, Note_off_c, 0, 71, 0
2, 21120, Lyric_t, "sus,"
2, 21120, Note_on_c, 0, 71, 68
2, 21840, Note_off_c, 0, 71, 0
2, 21840, Lyric_t, "sau-"
2, 21840, Note_on_c, 0, 71, 68
2, 22080, Note_off_c, 0, 71, 0
2, 22080, Lyric_t, "veur"
2, 22080, Note_on_c, 0, 66, 68
2, 22320, Note_off_c, 0, 66, 0
2, 22320, Lyric_t, "de"
2, 22320, Note_on_c, 0, 66, 68
2, 22560, Note_off_c, 0, 66, 0
2, 22560, Lyric_t, "tous"
2, 22560, Note_on_c, 0, 64, 68
2, 22800, Note_off_c, 0, 64, 0
2, 22800, Lyric_t, "les"
2, 22800, Note_on_c, 0, 66, 68
2, 23040, Note_off_c, 0, 66, 0
2, 23040, Lyric_t, "hommes,"
2, 23040, Note_on_c, 0, 67, 68
2, 24480, Note_off_c, 0, 67, 0
2, 24720, Lyric_t, "Jé-"
2, 24720, Note_on_c, 0, 71, 68
2, 24960, Note_off_c, 0, 71, 0
2, 24960, Lyric_t, "sus,"
2, 24960, Note_on_c, 0, 70, 72
2, 25680, Note_off_c, 0, 70, 0
2, 25680, Lyric_t, "Fils"
2, 25680, Note_on_c, 0, 66, 72
2, 25920, Note_off_c, 0, 66, 0
2, 25920, Lyric_t, "Bien-"
2, 25920, Note_on_c, 0, 69, 72
2, 26160, Note_off_c, 0, 69, 0
2, 26160, Lyric_t, "Ai-"
2, 26160, Note_on_c, 0, 69, 72
2, 26400, Note_off_c, 0, 69, 0
2, 26400, Lyric_t, "mé"
2, 26400, Note_on_c, 0, 71, 72
2, 26640, Note_off_c, 0, 71, 0
2, 26640, Lyric_t, "du"
2, 26640, Note_on_c, 0, 73, 72
2, 26880, Note_off_c, 0, 73, 0
2, 26880, Lyric_t, "Pè-"
2, 26880, Note_on_c, 0, 74, 76
2, 27360, Note_off_c, 0, 74, 0
2, 27360, Note_on_c, 0, 73, 76
2, 27840, Note_off_c, 0, 73, 0
2, 27840, Lyric_t, "re,"
2, 27840, Note_on_c, 0, 71, 76
2, 28560, Note_off_c, 0, 71, 0
2, 28560, Lyric_t, "c'est"
2, 28560, Note_on_c, 0, 71, 76
2, 28800, Note_off_c, 0, 71, 0
2, 28800, Lyric_t, "lui"
2, 28800, Note_on_c, 0, 71, 76
2, 29520, Note_off_c, 0, 71, 0
2, 29520, Lyric_t, "qui"
2, 29520, Note_on_c, 0, 71, 76
2, 29760, Note_off_c, 0, 71, 0
2, 29760, Lyric_t, "nous"
2, 29760, Note_on_c, 0, 67, 76
2, 30000, Note_off_c, 0, 67, 0
2, 30000, Lyric_t, "a"
2, 30000, Note_on_c, 0, 67, 76
2, 30240, Note_off_c, 0, 67, 0
2, 30240, Lyric_t, "tant"
2, 30240, Note_on_c, 0, 69, 76
2, 30480, Note_off_c, 0, 69, 0
2, 30480, Lyric_t, "ai-"
2, 30480, Note_on_c, 0, 71, 76
2, 30720, Note_off_c, 0, 71, 0
2, 30720, Lyric_t, "més."
2, 30720, Note_on_c, 0, 69, 70
2, 31680, Note_off_c, 0, 69, 0
2, 31920, Lyric_t, "Ve-"
2, 31920, Note_on_c, 0, 66, 70
2, 32160, Note_off_c, 0, 66, 0
2, 32160, Lyric_t, "nez"
2, 32160, Note_on_c, 0, 67, 70
2, 32400, Note_off_c, 0, 67, 0
2, 32400, Lyric_t, "à"
2, 32400, Note_on_c, 0, 69, 70
2, 32640, Note_off_c, 0, 69, 0
2, 32640, Lyric_t, "lui,"
2, 32640, Note_on_c, 0, 67, 74
2, 33360, Note_off_c, 0, 67, 0
2, 33360, Lyric_t, "vous"
2, 33360, Note_on_c, 0, 67, 74
2, 33600, Note_off_c, 0, 67, 0
2, 33600, Lyric_t, "trou-"
2, 33600, Note_on_c, 0, 71, 74
2, 33840, Note_off_c, 0, 71, 0
2, 33840, Lyric_t, "ve-"
2, 33840, Note_on_c, 0, 73, 74
2, 34080, Note_off_c, 0, 73, 0
2, 34080, Lyric_t, "rez"
2, 34080, Note_on_c, 0, 74, 74
2, 34320, Note_off_c, 0, 74, 0
2, 34320, Lyric_t, "la"
2, 34320, Note_on_c, 0, 71, 74
2, 34560, Note_off_c, 0, 71, 0
2, 34560, Lyric_t, "paix !"
2, 34560, Note_on_c, 0, 73, 78
2, 37440, Note_off_c, 0, 73, 0
2, 37920, Lyric_t, "Ac-"
2, 37920, Note_on_c, 0, 66, 78
2, 38160, Note_off_c, 0, 66, 0
2, 38160, Lyric_t, "cla-"
2, 38160, Note_on_c, 0, 66, 78
2, 38400, Note_off_c, 0, 66, 0
2, 38400, End_track
3, 0, Start_track
3, 0, Title_t, "Alto / Polyphonie"
3, 0, Program_c, 1, 52
3, 1440, Note_on_c, 1, 66, 95
3, 1680, Note_off_c, 1, 66, 0
3, 1680, Note_on_c, 1, 66, 95
3, 1920, Note_off_c, 1, 66, 0
3, 1920, Note_on_c, 1, 66, 95
3, 2160, Note_off_c, 1, 66, 0
3, 2160, Note_on_c, 1, 66, 95
3, 2400, Note_off_c, 1, 66, 0
3, 2400, Note_on_c, 1, 66, 95
3, 2640, Note_off_c, 1, 66, 0
3, 2640, Note_on_c, 1, 71, 95
3, 3360, Note_off_c, 1, 71, 0
3, 3360, Note_on_c, 1, 67, 95
3, 3600, Note_off_c, 1, 67, 0
3, 3600, Note_on_c, 1, 67, 95
3, 3840, Note_off_c, 1, 67, 0
3, 3840, Note_on_c, 1, 64, 90
3, 4080, Note_off_c, 1, 64, 0
3, 4080, Note_on_c, 1, 64, 90
3, 4320, Note_off_c, 1, 64, 0
3, 4320, Note_on_c, 1, 64, 90
3, 4560, Note_off_c, 1, 64, 0
3, 4560, Note_on_c, 1, 64, 90
3, 4800, Note_off_c, 1, 64, 0
3, 4800, Note_on_c, 1, 62, 80
3, 5520, Note_off_c, 1, 62, 0
3, 5520, Note_on_c, 1, 62, 80
3, 5760, Note_off_c, 1, 62, 0
3, 5760, Note_on_c, 1, 64, 80
3, 6720, Note_off_c, 1, 64, 0
3, 6720, Note_on_c, 1, 66, 95
3, 7200, Note_off_c, 1, 66, 0
3, 7200, Note_on_c, 1, 66, 95
3, 7680, Note_off_c, 1, 66, 0
3, 7680, Note_on_c, 1, 70, 95
3, 9120, Note_off_c, 1, 70, 0
3, 9120, Note_on_c, 1, 66, 95
3, 9360, Note_off_c, 1, 66, 0
3, 9360, Note_on_c, 1, 66, 95
3, 9600, Note_off_c, 1, 66, 0
3, 9600, Note_on_c, 1, 66, 95
3, 9840, Note_off_c, 1, 66, 0
3, 9840, Note_on_c, 1, 66, 95
3, 10080, Note_off_c, 1, 66, 0
3, 10080, Note_on_c, 1, 66, 95
3, 10320, Note_off_c, 1, 66, 0
3, 10320, Note_on_c, 1, 71, 95
3, 11040, Note_off_c, 1, 71, 0
3, 11040, Note_on_c, 1, 67, 95
3, 11280, Note_off_c, 1, 67, 0
3, 11280, Note_on_c, 1, 67, 95
3, 11520, Note_off_c, 1, 67, 0
3, 11520, Note_on_c, 1, 64, 90
3, 11760, Note_off_c, 1, 64, 0
3, 11760, Note_on_c, 1, 64, 90
3, 12000, Note_off_c, 1, 64, 0
3, 12000, Note_on_c, 1, 64, 90
3, 12240, Note_off_c, 1, 64, 0
3, 12240, Note_on_c, 1, 64, 90
3, 12480, Note_off_c, 1, 64, 0
3, 12480, Note_on_c, 1, 62, 80
3, 13200, Note_off_c, 1, 62, 0
3, 13200, Note_on_c, 1, 62, 80
3, 13440, Note_off_c, 1, 62, 0
3, 13440, Note_on_c, 1, 64, 80
3, 14400, Note_off_c, 1, 64, 0
3, 14400, Note_on_c, 1, 66, 95
3, 14880, Note_off_c, 1, 66, 0
3, 14880, Note_on_c, 1, 66, 95
3, 15360, Note_off_c, 1, 66, 0
3, 15360, Note_on_c, 1, 70, 95
3, 16080, Note_off_c, 1, 70, 0
3, 16080, Note_on_c, 1, 70, 95
3, 16320, Note_off_c, 1, 70, 0
3, 16320, Note_on_c, 1, 66, 95
3, 16560, Note_off_c, 1, 66, 0
3, 16560, Note_on_c, 1, 67, 95
3, 16800, Note_off_c, 1, 67, 0
3, 16800, Note_on_c, 1, 66, 95
3, 17040, Note_off_c, 1, 66, 0
3, 17040, Note_on_c, 1, 66, 95
3, 17280, Note_off_c, 1, 66, 0
3, 17280, Note_on_c, 1, 66, 95
3, 19200, Note_off_c, 1, 66, 0
3, 20880, Note_on_c, 1, 66, 64
3, 21120, Note_off_c, 1, 66, 0
3, 21120, Note_on_c, 1, 66, 64
3, 21840, Note_off_c, 1, 66, 0
3, 21840, Note_on_c, 1, 64, 64
3, 22080, Note_off_c, 1, 64, 0
3, 22080, Note_on_c, 1, 62, 64
3, 22320, Note_off_c, 1, 62, 0
3, 22320, Note_on_c, 1, 62, 64
3, 22560, Note_off_c, 1, 62, 0
3, 22560, Note_on_c, 1, 61, 64
3, 22800, Note_off_c, 1, 61, 0
3, 22800, Note_on_c, 1, 62, 64
3, 23040, Note_off_c, 1, 62, 0
3, 23040, Note_on_c, 1, 64, 64
3, 24480, Note_off_c, 1, 64, 0
3, 24720, Note_on_c, 1, 67, 64
3, 24960, Note_off_c, 1, 67, 0
3, 24960, Note_on_c, 1, 66, 68
3, 25680, Note_off_c, 1, 66, 0
3, 25680, Note_on_c, 1, 66, 68
3, 25920, Note_off_c, 1, 66, 0
3, 25920, Note_on_c, 1, 66, 68
3, 26160, Note_off_c, 1, 66, 0
3, 26160, Note_on_c, 1, 66, 68
3, 26400, Note_off_c, 1, 66, 0
3, 26400, Note_on_c, 1, 66, 68
3, 26640, Note_off_c, 1, 66, 0
3, 26640, Note_on_c, 1, 66, 68
3, 26880, Note_off_c, 1, 66, 0
3, 26880, Note_on_c, 1, 66, 72
3, 27840, Note_off_c, 1, 66, 0
3, 27840, Note_on_c, 1, 66, 72
3, 28560, Note_off_c, 1, 66, 0
3, 28560, Note_on_c, 1, 66, 72
3, 28800, Note_off_c, 1, 66, 0
3, 28800, Note_on_c, 1, 67, 72
3, 29520, Note_off_c, 1, 67, 0
3, 29520, Note_on_c, 1, 67, 72
3, 29760, Note_off_c, 1, 67, 0
3, 29760, Note_on_c, 1, 62, 72
3, 30000, Note_off_c, 1, 62, 0
3, 30000, Note_on_c, 1, 62, 72
3, 30240, Note_off_c, 1, 62, 0
3, 30240, Note_on_c, 1, 67, 72
3, 30480, Note_off_c, 1, 67, 0
3, 30480, Note_on_c, 1, 67, 72
3, 30720, Note_off_c, 1, 67, 0
3, 30720, Note_on_c, 1, 66, 66
3, 31680, Note_off_c, 1, 66, 0
3, 31920, Note_on_c, 1, 62, 66
3, 32160, Note_off_c, 1, 62, 0
3, 32160, Note_on_c, 1, 64, 66
3, 32400, Note_off_c, 1, 64, 0
3, 32400, Note_on_c, 1, 66, 66
3, 32640, Note_off_c, 1, 66, 0
3, 32640, Note_on_c, 1, 64, 70
3, 33360, Note_off_c, 1, 64, 0
3, 33360, Note_on_c, 1, 64, 70
3, 33600, Note_off_c, 1, 64, 0
3, 33600, Note_on_c, 1, 62, 70
3, 33840, Note_off_c, 1, 62, 0
3, 33840, Note_on_c, 1, 64, 70
3, 34080, Note_off_c, 1, 64, 0
3, 34080, Note_on_c, 1, 66, 70
3, 34320, Note_off_c, 1, 66, 0
3, 34320, Note_on_c, 1, 66, 70
3, 34560, Note_off_c, 1, 66, 0
3, 34560, Note_on_c, 1, 66, 74
3, 37440, Note_off_c, 1, 66, 0
3, 37920, Note_on_c, 1, 66, 74
3, 38160, Note_off_c, 1, 66, 0
3, 38160, Note_on_c, 1, 66, 74
3, 38400, Note_off_c, 1, 66, 0
3, 38400, End_track
0, 0, End_of_file
