0, 0, Header, 1, 5, 480
1, 0, Start_track
1, 0, Title_t, "Messe de Saint Paul"
1, 0, Time_signature, 4, 2, 24, 8
1, 0, Key_signature, 0, "minor"
1, 0, Tempo, 750000
1, 0, Marker_t, "Kyrie"
1, 9600, Tempo, 512820
1, 9600, Marker_t, "Alleluia"
1, 19200, Tempo, 476190
1, 19200, Marker_t, "Gloria (Refrain)"
1, 28800, Tempo, 512820
1, 28800, Marker_t, "Sanctus"
1, 38400, Tempo, 750000
1, 38400, Marker_t, "Anamnese"
1, 48000, Tempo, 750000
1, 48000, Marker_t, "Agnus Dei"
1, 57600, End_track
2, 0, Start_track
2, 0, Title_t, "Soprano"
2, 0, Program_c, 0, 52
2, 0, Note_on_c, 0, 69, 90
2, 480, Note_off_c, 0, 69, 0
2, 480, Note_on_c, 0, 72, 90
2, 960, Note_off_c, 0, 72, 0
2, 960, Note_on_c, 0, 74, 90
2, 1440, Note_off_c, 0, 74, 0
2, 1440, Note_on_c, 0, 72, 90
2, 1920, Note_off_c, 0, 72, 0
2, 1920, Note_on_c, 0, 71, 85
2, 2160, Note_off_c, 0, 71, 0
2, 2160, Note_on_c, 0, 69, 85
2, 2400, Note_off_c, 0, 69, 0
2, 2400, Note_on_c, 0, 71, 90
2, 2880, Note_off_c, 0, 71, 0
2, 2880, Note_on_c, 0, 69, 90
2, 3840, Note_off_c, 0, 69, 0
2, 3840, Note_on_c, 0, 69, 85
2, 4320, Note_off_c, 0, 69, 0
2, 4320, Note_on_c, 0, 67, 85
2, 4800, Note_off_c, 0, 67, 0
2, 4800, Note_on_c, 0, 69, 85
2, 5280, Note_off_c, 0, 69, 0
2, 5280, Note_on_c, 0, 67, 85
2, 5760, Note_off_c, 0, 67, 0
2, 5760, Note_on_c, 0, 69, 90
2, 6240, Note_off_c, 0, 69, 0
2, 6240, Note_on_c, 0, 67, 85
2, 6720, Note_off_c, 0, 67, 0
2, 6720, Note_on_c, 0, 69, 90
2, 8640, Note_off_c, 0, 69, 0
2, 9600, Note_on_c, 0, 69, 90
2, 10080, Note_off_c, 0, 69, 0
2, 10080, Note_on_c, 0, 72, 90
2, 10560, Note_off_c, 0, 72, 0
2, 10560, Note_on_c, 0, 74, 90
2, 11040, Note_off_c, 0, 74, 0
2, 11040, Note_on_c, 0, 72, 90
2, 11520, Note_off_c, 0, 72, 0
2, 11520, Note_on_c, 0, 71, 90
2, 12000, Note_off_c, 0, 71, 0
2, 12000, Note_on_c, 0, 74, 90
2, 12480, Note_off_c, 0, 74, 0
2, 12480, Note_on_c, 0, 72, 95
2, 13440, Note_off_c, 0, 72, 0
2, 13440, Note_on_c, 0, 69, 90
2, 13920, Note_off_c, 0, 69, 0
2, 13920, Note_on_c, 0, 72, 90
2, 14400, Note_off_c, 0, 72, 0
2, 14400, Note_on_c, 0, 74, 90
2, 14880, Note_off_c, 0, 74, 0
2, 14880, Note_on_c, 0, 71, 90
2, 15360, Note_off_c, 0, 71, 0
2, 15360, Note_on_c, 0, 67, 85
2, 15840, Note_off_c, 0, 67, 0
2, 15840, Note_on_c, 0, 71, 90
2, 16320, Note_off_c, 0, 71, 0
2, 16320, Note_on_c, 0, 69, 95
2, 18240, Note_off_c, 0, 69, 0
2, 19200, Note_on_c, 0, 76, 95
2, 19680, Note_off_c, 0, 76, 0
2, 19680, Note_on_c, 0, 74, 90
2, 20160, Note_off_c, 0, 74, 0
2, 20160, Note_on_c, 0, 72, 90
2, 21120, Note_off_c, 0, 72, 0
2, 21120, Note_on_c, 0, 74, 90
2, 21600, Note_off_c, 0, 74, 0
2, 21600, Note_on_c, 0, 71, 90
2, 22080, Note_off_c, 0, 71, 0
2, 22080, Note_on_c, 0, 72, 90
2, 23040, Note_off_c, 0, 72, 0
2, 23040, Note_on_c, 0, 74, 90
2, 23520, Note_off_c, 0, 74, 0
2, 23520, Note_on_c, 0, 72, 90
2, 24000, Note_off_c, 0, 72, 0
2, 24000, Note_on_c, 0, 69, 90
2, 24480, Note_off_c, 0, 69, 0
2, 24480, Note_on_c, 0, 71, 90
2, 24960, Note_off_c, 0, 71, 0
2, 24960, Note_on_c, 0, 72, 95
2, 26880, Note_off_c, 0, 72, 0
2, 28800, Note_on_c, 0, 69, 90
2, 29280, Note_off_c, 0, 69, 0
2, 29280, Note_on_c, 0, 69, 90
2, 29760, Note_off_c, 0, 69, 0
2, 29760, Note_on_c, 0, 72, 90
2, 30240, Note_off_c, 0, 72, 0
2, 30240, Note_on_c, 0, 72, 90
2, 30720, Note_off_c, 0, 72, 0
2, 30720, Note_on_c, 0, 71, 90
2, 31200, Note_off_c, 0, 71, 0
2, 31200, Note_on_c, 0, 71, 90
2, 31680, Note_off_c, 0, 71, 0
2, 31680, Note_on_c, 0, 72, 90
2, 32160, Note_off_c, 0, 72, 0
2, 32160, Note_on_c, 0, 69, 90
2, 32640, Note_off_c, 0, 69, 0
2, 32640, Note_on_c, 0, 69, 90
2, 33120, Note_off_c, 0, 69, 0
2, 33120, Note_on_c, 0, 74, 90
2, 33600, Note_off_c, 0, 74, 0
2, 33600, Note_on_c, 0, 71, 90
2, 34080, Note_off_c, 0, 71, 0
2, 34080, Note_on_c, 0, 67, 85
2, 34560, Note_off_c, 0, 67, 0
2, 34560, Note_on_c, 0, 69, 95
2, 36480, Note_off_c, 0, 69, 0
2, 38400, Note_on_c, 0, 69, 90
2, 38880, Note_off_c, 0, 69, 0
2, 38880, Note_on_c, 0, 69, 90
2, 39360, Note_off_c, 0, 69, 0
2, 39360, Note_on_c, 0, 72, 90
2, 39840, Note_off_c, 0, 72, 0
2, 39840, Note_on_c, 0, 72, 90
2, 40320, Note_off_c, 0, 72, 0
2, 40320, Note_on_c, 0, 74, 90
2, 40800, Note_off_c, 0, 74, 0
2, 40800, Note_on_c, 0, 74, 90
2, 41280, Note_off_c, 0, 74, 0
2, 41280, Note_on_c, 0, 71, 90
2, 42240, Note_off_c, 0, 71, 0
2, 42240, Note_on_c, 0, 69, 90
2, 42720, Note_off_c, 0, 69, 0
2, 42720, Note_on_c, 0, 69, 90
2, 43200, Note_off_c, 0, 69, 0
2, 43200, Note_on_c, 0, 72, 90
2, 43680, Note_off_c, 0, 72, 0
2, 43680, Note_on_c, 0, 72, 90
2, 44160, Note_off_c, 0, 72, 0
2, 44160, Note_on_c, 0, 74, 90
2, 44640, Note_off_c, 0, 74, 0
2, 44640, Note_on_c, 0, 72, 90
2, 45120, Note_off_c, 0, 72, 0
2, 45120, Note_on_c, 0, 69, 90
2, 46080, Note_off_c, 0, 69, 0
2, 48000, Note_on_c, 0, 69, 90
2, 48960, Note_off_c, 0, 69, 0
2, 48960, Note_on_c, 0, 67, 85
2, 49440, Note_off_c, 0, 67, 0
2, 49440, Note_on_c, 0, 65, 85
2, 49920, Note_off_c, 0, 65, 0
2, 49920, Note_on_c, 0, 72, 90
2, 50400, Note_off_c, 0, 72, 0
2, 50400, Note_on_c, 0, 71, 90
2, 50880, Note_off_c, 0, 71, 0
2, 50880, Note_on_c, 0, 69, 90
2, 51360, Note_off_c, 0, 69, 0
2, 51360, Note_on_c, 0, 68, 85
2, 51840, Note_off_c, 0, 68, 0
2, 51840, Note_on_c, 0, 72, 90
2, 52800, Note_off_c, 0, 72, 0
2, 52800, Note_on_c, 0, 69, 90
2, 53760, Note_off_c, 0, 69, 0
2, 53760, Note_on_c, 0, 74, 90
2, 54240, Note_off_c, 0, 74, 0
2, 54240, Note_on_c, 0, 71, 90
2, 54720, Note_off_c, 0, 71, 0
2, 54720, Note_on_c, 0, 69, 95
2, 56640, Note_off_c, 0, 69, 0
2, 57600, End_track
3, 0, Start_track
3, 0, Title_t, "Alto"
3, 0, Program_c, 1, 52
3, 0, Note_on_c, 1, 64, 85
3, 480, Note_off_c, 1, 64, 0
3, 480, Note_on_c, 1, 65, 85
3, 960, Note_off_c, 1, 65, 0
3, 960, Note_on_c, 1, 65, 85
3, 1440, Note_off_c, 1, 65, 0
3, 1440, Note_on_c, 1, 64, 85
3, 1920, Note_off_c, 1, 64, 0
3, 1920, Note_on_c, 1, 64, 80
3, 2880, Note_off_c, 1, 64, 0
3, 2880, Note_on_c, 1, 64, 85
3, 3840, Note_off_c, 1, 64, 0
3, 3840, Note_on_c, 1, 65, 85
3, 4320, Note_off_c, 1, 65, 0
3, 4320, Note_on_c, 1, 64, 80
3, 4800, Note_off_c, 1, 64, 0
3, 4800, Note_on_c, 1, 65, 85
3, 5280, Note_off_c, 1, 65, 0
3, 5280, Note_on_c, 1, 64, 80
3, 5760, Note_off_c, 1, 64, 0
3, 5760, Note_on_c, 1, 65, 85
3, 6240, Note_off_c, 1, 65, 0
3, 6240, Note_on_c, 1, 64, 80
3, 6720, Note_off_c, 1, 64, 0
3, 6720, Note_on_c, 1, 64, 85
3, 8640, Note_off_c, 1, 64, 0
3, 9600, Note_on_c, 1, 64, 85
3, 10560, Note_off_c, 1, 64, 0
3, 10560, Note_on_c, 1, 65, 85
3, 11520, Note_off_c, 1, 65, 0
3, 11520, Note_on_c, 1, 64, 85
3, 12480, Note_off_c, 1, 64, 0
3, 12480, Note_on_c, 1, 64, 85
3, 13440, Note_off_c, 1, 64, 0
3, 13440, Note_on_c, 1, 65, 85
3, 14400, Note_off_c, 1, 65, 0
3, 14400, Note_on_c, 1, 65, 85
3, 14880, Note_off_c, 1, 65, 0
3, 14880, Note_on_c, 1, 67, 85
3, 15360, Note_off_c, 1, 67, 0
3, 15360, Note_on_c, 1, 64, 85
3, 16320, Note_off_c, 1, 64, 0
3, 16320, Note_on_c, 1, 64, 85
3, 18240, Note_off_c, 1, 64, 0
3, 19200, Note_on_c, 1, 64, 85
3, 19680, Note_off_c, 1, 64, 0
3, 19680, Note_on_c, 1, 65, 85
3, 21120, Note_off_c, 1, 65, 0
3, 21120, Note_on_c, 1, 65, 85
3, 21600, Note_off_c, 1, 65, 0
3, 21600, Note_on_c, 1, 67, 85
3, 22080, Note_off_c, 1, 67, 0
3, 22080, Note_on_c, 1, 64, 85
3, 23040, Note_off_c, 1, 64, 0
3, 23040, Note_on_c, 1, 65, 85
3, 23520, Note_off_c, 1, 65, 0
3, 23520, Note_on_c, 1, 64, 85
3, 24000, Note_off_c, 1, 64, 0
3, 24000, Note_on_c, 1, 65, 85
3, 24480, Note_off_c, 1, 65, 0
3, 24480, Note_on_c, 1, 67, 85
3, 24960, Note_off_c, 1, 67, 0
3, 24960, Note_on_c, 1, 64, 85
3, 26880, Note_off_c, 1, 64, 0
3, 28800, Note_on_c, 1, 64, 85
3, 29760, Note_off_c, 1, 64, 0
3, 29760, Note_on_c, 1, 65, 85
3, 30720, Note_off_c, 1, 65, 0
3, 30720, Note_on_c, 1, 64, 85
3, 32160, Note_off_c, 1, 64, 0
3, 32160, Note_on_c, 1, 64, 85
3, 32640, Note_off_c, 1, 64, 0
3, 32640, Note_on_c, 1, 65, 85
3, 33600, Note_off_c, 1, 65, 0
3, 33600, Note_on_c, 1, 67, 85
3, 34080, Note_off_c, 1, 67, 0
3, 34080, Note_on_c, 1, 64, 80
3, 34560, Note_off_c, 1, 64, 0
3, 34560, Note_on_c, 1, 64, 85
3, 36480, Note_off_c, 1, 64, 0
3, 38400, Note_on_c, 1, 64, 85
3, 39360, Note_off_c, 1, 64, 0
3, 39360, Note_on_c, 1, 65, 85
3, 40320, Note_off_c, 1, 65, 0
3, 40320, Note_on_c, 1, 65, 85
3, 41280, Note_off_c, 1, 65, 0
3, 41280, Note_on_c, 1, 64, 85
3, 42240, Note_off_c, 1, 64, 0
3, 42240, Note_on_c, 1, 64, 85
3, 43200, Note_off_c, 1, 64, 0
3, 43200, Note_on_c, 1, 65, 85
3, 44160, Note_off_c, 1, 65, 0
3, 44160, Note_on_c, 1, 65, 85
3, 44640, Note_off_c, 1, 65, 0
3, 44640, Note_on_c, 1, 64, 85
3, 46080, Note_off_c, 1, 64, 0
3, 48000, Note_on_c, 1, 64, 85
3, 49440, Note_off_c, 1, 64, 0
3, 49440, Note_on_c, 1, 60, 80
3, 49920, Note_off_c, 1, 60, 0
3, 49920, Note_on_c, 1, 64, 85
3, 50880, Note_off_c, 1, 64, 0
3, 50880, Note_on_c, 1, 65, 85
3, 51360, Note_off_c, 1, 65, 0
3, 51360, Note_on_c, 1, 64, 80
3, 51840, Note_off_c, 1, 64, 0
3, 51840, Note_on_c, 1, 64, 85
3, 52800, Note_off_c, 1, 64, 0
3, 52800, Note_on_c, 1, 65, 85
3, 53760, Note_off_c, 1, 65, 0
3, 53760, Note_on_c, 1, 65, 85
3, 54240, Note_off_c, 1, 65, 0
3, 54240, Note_on_c, 1, 64, 80
3, 54720, Note_off_c, 1, 64, 0
3, 54720, Note_on_c, 1, 64, 85
3, 56640, Note_off_c, 1, 64, 0
3, 57600, End_track
4, 0, Start_track
4, 0, Title_t, "Tenor"
4, 0, Program_c, 2, 52
4, 0, Note_on_c, 2, 60, 85
4, 960, Note_off_c, 2, 60, 0
4, 960, Note_on_c, 2, 62, 85
4, 1440, Note_off_c, 2, 62, 0
4, 1440, Note_on_c, 2, 60, 85
4, 1920, Note_off_c, 2, 60, 0
4, 1920, Note_on_c, 2, 59, 85
4, 2880, Note_off_c, 2, 59, 0
4, 2880, Note_on_c, 2, 57, 85
4, 3840, Note_off_c, 2, 57, 0
4, 3840, Note_on_c, 2, 60, 85
4, 4320, Note_off_c, 2, 60, 0
4, 4320, Note_on_c, 2, 59, 85
4, 4800, Note_off_c, 2, 59, 0
4, 4800, Note_on_c, 2, 60, 85
4, 5280, Note_off_c, 2, 60, 0
4, 5280, Note_on_c, 2, 59, 85
4, 5760, Note_off_c, 2, 59, 0
4, 5760, Note_on_c, 2, 62, 85
4, 6240, Note_off_c, 2, 62, 0
4, 6240, Note_on_c, 2, 59, 85
4, 6720, Note_off_c, 2, 59, 0
4, 6720, Note_on_c, 2, 57, 85
4, 8640, Note_off_c, 2, 57, 0
4, 9600, Note_on_c, 2, 60, 85
4, 10560, Note_off_c, 2, 60, 0
4, 10560, Note_on_c, 2, 60, 85
4, 11520, Note_off_c, 2, 60, 0
4, 11520, Note_on_c, 2, 59, 85
4, 12480, Note_off_c, 2, 59, 0
4, 12480, Note_on_c, 2, 60, 85
4, 13440, Note_off_c, 2, 60, 0
4, 13440, Note_on_c, 2, 60, 85
4, 14400, Note_off_c, 2, 60, 0
4, 14400, Note_on_c, 2, 62, 85
4, 14880, Note_off_c, 2, 62, 0
4, 14880, Note_on_c, 2, 59, 85
4, 15360, Note_off_c, 2, 59, 0
4, 15360, Note_on_c, 2, 59, 85
4, 16320, Note_off_c, 2, 59, 0
4, 16320, Note_on_c, 2, 57, 85
4, 18240, Note_off_c, 2, 57, 0
4, 19200, Note_on_c, 2, 60, 85
4, 21120, Note_off_c, 2, 60, 0
4, 21120, Note_on_c, 2, 62, 85
4, 21600, Note_off_c, 2, 62, 0
4, 21600, Note_on_c, 2, 59, 85
4, 22080, Note_off_c, 2, 59, 0
4, 22080, Note_on_c, 2, 60, 85
4, 23040, Note_off_c, 2, 60, 0
4, 23040, Note_on_c, 2, 62, 85
4, 23520, Note_off_c, 2, 62, 0
4, 23520, Note_on_c, 2, 60, 85
4, 24000, Note_off_c, 2, 60, 0
4, 24000, Note_on_c, 2, 60, 85
4, 24480, Note_off_c, 2, 60, 0
4, 24480, Note_on_c, 2, 59, 85
4, 24960, Note_off_c, 2, 59, 0
4, 24960, Note_on_c, 2, 60, 85
4, 26880, Note_off_c, 2, 60, 0
4, 28800, Note_on_c, 2, 60, 85
4, 30720, Note_off_c, 2, 60, 0
4, 30720, Note_on_c, 2, 59, 85
4, 31680, Note_off_c, 2, 59, 0
4, 31680, Note_on_c, 2, 60, 85
4, 32160, Note_off_c, 2, 60, 0
4, 32160, Note_on_c, 2, 57, 85
4, 32640, Note_off_c, 2, 57, 0
4, 32640, Note_on_c, 2, 60, 85
4, 33120, Note_off_c, 2, 60, 0
4, 33120, Note_on_c, 2, 62, 85
4, 33600, Note_off_c, 2, 62, 0
4, 33600, Note_on_c, 2, 59, 85
4, 34560, Note_off_c, 2, 59, 0
4, 34560, Note_on_c, 2, 57, 85
4, 36480, Note_off_c, 2, 57, 0
4, 38400, Note_on_c, 2, 60, 85
4, 40320, Note_off_c, 2, 60, 0
4, 40320, Note_on_c, 2, 62, 85
4, 41280, Note_off_c, 2, 62, 0
4, 41280, Note_on_c, 2, 59, 85
4, 42240, Note_off_c, 2, 59, 0
4, 42240, Note_on_c, 2, 60, 85
4, 44160, Note_off_c, 2, 60, 0
4, 44160, Note_on_c, 2, 62, 85
4, 44640, Note_off_c, 2, 62, 0
4, 44640, Note_on_c, 2, 60, 85
4, 45120, Note_off_c, 2, 60, 0
4, 45120, Note_on_c, 2, 57, 85
4, 46080, Note_off_c, 2, 57, 0
4, 48000, Note_on_c, 2, 60, 85
4, 48960, Note_off_c, 2, 60, 0
4, 48960, Note_on_c, 2, 59, 85
4, 49440, Note_off_c, 2, 59, 0
4, 49440, Note_on_c, 2, 57, 85
4, 49920, Note_off_c, 2, 57, 0
4, 49920, Note_on_c, 2, 60, 85
4, 50880, Note_off_c, 2, 60, 0
4, 50880, Note_on_c, 2, 62, 85
4, 51360, Note_off_c, 2, 62, 0
4, 51360, Note_on_c, 2, 59, 85
4, 51840, Note_off_c, 2, 59, 0
4, 51840, Note_on_c, 2, 60, 85
4, 53760, Note_off_c, 2, 60, 0
4, 53760, Note_on_c, 2, 62, 85
4, 54240, Note_off_c, 2, 62, 0
4, 54240, Note_on_c, 2, 59, 85
4, 54720, Note_off_c, 2, 59, 0
4, 54720, Note_on_c, 2, 57, 85
4, 56640, Note_off_c, 2, 57, 0
4, 57600, End_track
5, 0, Start_track
5, 0, Title_t, "Bass"
5, 0, Program_c, 3, 52
5, 0, Note_on_c, 3, 45, 85
5, 480, Note_off_c, 3, 45, 0
5, 480, Note_on_c, 3, 41, 85
5, 960, Note_off_c, 3, 41, 0
5, 960, Note_on_c, 3, 38, 85
5, 1440, Note_off_c, 3, 38, 0
5, 1440, Note_on_c, 3, 45, 85
5, 1920, Note_off_c, 3, 45, 0
5, 1920, Note_on_c, 3, 45, 80
5, 2400, Note_off_c, 3, 45, 0
5, 2400, Note_on_c, 3, 43, 80
5, 2880, Note_off_c, 3, 43, 0
5, 2880, Note_on_c, 3, 45, 85
5, 3840, Note_off_c, 3, 45, 0
5, 3840, Note_on_c, 3, 41, 85
5, 4320, Note_off_c, 3, 41, 0
5, 4320, Note_on_c, 3, 40, 85
5, 4800, Note_off_c, 3, 40, 0
5, 4800, Note_on_c, 3, 41, 85
5, 5280, Note_off_c, 3, 41, 0
5, 5280, Note_on_c, 3, 40, 85
5, 5760, Note_off_c, 3, 40, 0
5, 5760, Note_on_c, 3, 41, 85
5, 6240, Note_off_c, 3, 41, 0
5, 6240, Note_on_c, 3, 40, 85
5, 6720, Note_off_c, 3, 40, 0
5, 6720, Note_on_c, 3, 45, 85
5, 8640, Note_off_c, 3, 45, 0
5, 9600, Note_on_c, 3, 45, 85
5, 10560, Note_off_c, 3, 45, 0
5, 10560, Note_on_c, 3, 41, 85
5, 11520, Note_off_c, 3, 41, 0
5, 11520, Note_on_c, 3, 40, 85
5, 12480, Note_off_c, 3, 40, 0
5, 12480, Note_on_c, 3, 45, 85
5, 13440, Note_off_c, 3, 45, 0
5, 13440, Note_on_c, 3, 41, 85
5, 14400, Note_off_c, 3, 41, 0
5, 14400, Note_on_c, 3, 38, 85
5, 14880, Note_off_c, 3, 38, 0
5, 14880, Note_on_c, 3, 43, 85
5, 15360, Note_off_c, 3, 43, 0
5, 15360, Note_on_c, 3, 40, 85
5, 16320, Note_off_c, 3, 40, 0
5, 16320, Note_on_c, 3, 45, 85
5, 18240, Note_off_c, 3, 45, 0
5, 19200, Note_on_c, 3, 45, 85
5, 19680, Note_off_c, 3, 45, 0
5, 19680, Note_on_c, 3, 41, 85
5, 21120, Note_off_c, 3, 41, 0
5, 21120, Note_on_c, 3, 38, 85
5, 21600, Note_off_c, 3, 38, 0
5, 21600, Note_on_c, 3, 43, 85
5, 22080, Note_off_c, 3, 43, 0
5, 22080, Note_on_c, 3, 40, 85
5, 23040, Note_off_c, 3, 40, 0
5, 23040, Note_on_c, 3, 38, 85
5, 23520, Note_off_c, 3, 38, 0
5, 23520, Note_on_c, 3, 40, 85
5, 24000, Note_off_c, 3, 40, 0
5, 24000, Note_on_c, 3, 41, 85
5, 24480, Note_off_c, 3, 41, 0
5, 24480, Note_on_c, 3, 43, 85
5, 24960, Note_off_c, 3, 43, 0
5, 24960, Note_on_c, 3, 48, 85
5, 26880, Note_off_c, 3, 48, 0
5, 28800, Note_on_c, 3, 45, 85
5, 29760, Note_off_c, 3, 45, 0
5, 29760, Note_on_c, 3, 41, 85
5, 30720, Note_off_c, 3, 41, 0
5, 30720, Note_on_c, 3, 40, 85
5, 31680, Note_off_c, 3, 40, 0
5, 31680, Note_on_c, 3, 45, 85
5, 32640, Note_off_c, 3, 45, 0
5, 32640, Note_on_c, 3, 41, 85
5, 33120, Note_off_c, 3, 41, 0
5, 33120, Note_on_c, 3, 38, 85
5, 33600, Note_off_c, 3, 38, 0
5, 33600, Note_on_c, 3, 43, 85
5, 34080, Note_off_c, 3, 43, 0
5, 34080, Note_on_c, 3, 40, 85
5, 34560, Note_off_c, 3, 40, 0
5, 34560, Note_on_c, 3, 45, 85
5, 36480, Note_off_c, 3, 45, 0
5, 38400, Note_on_c, 3, 45, 85
5, 39360, Note_off_c, 3, 45, 0
5, 39360, Note_on_c, 3, 41, 85
5, 40320, Note_off_c, 3, 41, 0
5, 40320, Note_on_c, 3, 38, 85
5, 41280, Note_off_c, 3, 38, 0
5, 41280, Note_on_c, 3, 40, 85
5, 42240, Note_off_c, 3, 40, 0
5, 42240, Note_on_c, 3, 45, 85
5, 43200, Note_off_c, 3, 45, 0
5, 43200, Note_on_c, 3, 41, 85
5, 44160, Note_off_c, 3, 41, 0
5, 44160, Note_on_c, 3, 38, 85
5, 44640, Note_off_c, 3, 38, 0
5, 44640, Note_on_c, 3, 45, 85
5, 46080, Note_off_c, 3, 45, 0
5, 48000, Note_on_c, 3, 45, 85
5, 48960, Note_off_c, 3, 45, 0
5, 48960, Note_on_c, 3, 40, 85
5, 49440, Note_off_c, 3, 40, 0
5, 49440, Note_on_c, 3, 41, 85
5, 49920, Note_off_c, 3, 41, 0
5, 49920, Note_on_c, 3, 48, 85
5, 50880, Note_off_c, 3, 48, 0
5, 50880, Note_on_c, 3, 38, 85
5, 51360, Note_off_c, 3, 38, 0
5, 51360, Note_on_c, 3, 40, 85
5, 51840, Note_off_c, 3, 40, 0
5, 51840, Note_on_c, 3, 48, 85
5, 52800, Note_off_c, 3, 48, 0
5, 52800, Note_on_c, 3, 41, 85
5, 53760, Note_off_c, 3, 41, 0
5, 53760, Note_on_c, 3, 38, 85
5, 54240, Note_off_c, 3, 38, 0
5, 54240, Note_on_c, 3, 40, 85
5, 54720, Note_off_c, 3, 40, 0
5, 54720, Note_on_c, 3, 45, 85
5, 56640, Note_off_c, 3, 45, 0
5, 57600, End_track
0, 0, End_of_file